{"2020": {"geographies": {"East Asia & Pacific": {"Combined": [83.0, 9.0, 8.0, 6.39, 63.0, 37.0, 39773.0, 36.0, 43.0, 56.99999999999999, 7.55, 56.00000000000001, 37.0, 63.0, 41.0, 22.0, 37.0, 6.0, 4.0, 12.0, 12.0, 9.0, 9.0, 1.0, 2.0, 10.0, 8.0, 4.0, 3.0, 44.0, 37.0, 63.0, 28.000000000000004, 31.0, 44.0, 56.00000000000001, 13.0, 7.000000000000001, 8.0, 48.0, 17.0, 27.0, 33.0, 67.0, 41.0, 7.98, 44.0, 40.0, 8.0, 16.0, 18.0, 56.99999999999999, 43.0, 9.0, 28.999999999999996, 11.0, 3.0, 38.0, 8.0, 17.0, 83.0, 44.0, 3.61, 37.0, 50.0, 7.000000000000001, 49.0, 27.0, 24.0, 6.28, 59.0, 10.0, 41.0, 38.0, 24.0, 10.0, 72.0, 55.00000000000001, 31.0, 22.0, 47.0, 13.0, 25.0, 21.0, 28.000000000000004, 3.0, 22.0, 8.0, 5.0, 27.0, 14.000000000000002, 11.0, 22.0, 26.0, 19.0, 22.0, 19.0, 28.000000000000004, 3.0, 26.0, 36.0], "Female": [86.0, 7.000000000000001, 7.000000000000001, 6.59, 59.0, 41.0, 19630.0, 16.0, 44.0, 56.00000000000001, 7.12, 43.0, 51.0, 49.0, 39.0, 22.0, 39.0, 6.26, 5.0, 11.0, 11.0, 9.0, 9.0, 1.0, 2.0, 8.0, 7.000000000000001, 3.0, 2.0, 48.0, 33.0, 67.0, 23.0, 27.0, 46.0, 54.0, 12.0, 7.000000000000001, 7.000000000000001, 45.0, 21.0, 31.0, 31.0, 69.0, 41.0, 9.66, 47.0, 41.0, 5.0, 17.0, 17.0, 72.0, 59.0, 7.000000000000001, 32.0, 7.000000000000001, 2.0, 46.0, 7.000000000000001, 17.0, 83.0, 38.0, 4.33, 40.0, 51.0, 5.0, 47.0, 27.0, 26.0, 6.4, 59.0, 7.000000000000001, 37.0, 33.0, 17.0, 12.0, 72.0, 48.0, 34.0, 21.0, 44.0, 15.0, 25.0, 19.0, 31.0, 3.0, 18.0, 8.0, 5.0, 34.0, 15.0, 11.0, 24.0, 31.0, 23.0, 22.0, 19.0, 31.0, 4.0, 31.0, 35.0], "Male": [80.0, 10.0, 9.0, 6.11, 67.0, 33.0, 20143.0, 53.0, 42.0, 57.99999999999999, 7.88, 66.0, 26.0, 74.0, 42.0, 23.0, 35.0, 5.77, 4.0, 12.0, 12.0, 8.0, 9.0, 1.0, 2.0, 10.0, 8.0, 4.0, 3.0, 41.0, 39.0, 61.0, 32.0, 35.0, 43.0, 56.99999999999999, 14.000000000000002, 8.0, 9.0, 50.0, 14.000000000000002, 24.0, 36.0, 64.0, 42.0, 6.4, 41.0, 39.0, 11.0, 14.000000000000002, 19.0, 44.0, 28.999999999999996, 11.0, 27.0, 15.0, 3.0, 31.0, 9.0, 16.0, 84.0, 50.0, 2.94, 35.0, 49.0, 8.0, 50.0, 27.0, 23.0, 6.16, 57.99999999999999, 13.0, 44.0, 42.0, 28.999999999999996, 9.0, 73.0, 60.0, 28.000000000000004, 22.0, 50.0, 11.0, 24.0, 23.0, 26.0, 3.0, 25.0, 8.0, 4.0, 21.0, 14.000000000000002, 10.0, 20.0, 22.0, 16.0, 21.0, 19.0, 25.0, 3.0, 23.0, 38.0]}, "Europe & Central Asia": {"Combined": [86.0, 6.0, 8.0, 6.3, 55.00000000000001, 45.0, 96685.0, 47.0, 62.0, 38.0, 8.46, 64.0, 35.0, 65.0, 32.0, 17.0, 51.0, 5.2, 4.0, 7.000000000000001, 4.0, 11.0, 8.0, 2.0, 4.0, 12.0, 17.0, 4.0, 7.000000000000001, 45.0, 73.0, 27.0, 28.999999999999996, 31.0, 33.0, 67.0, 11.0, 8.0, 7.000000000000001, 49.0, 17.0, 28.000000000000004, 27.0, 73.0, 51.0, 8.25, 46.0, 39.0, 7.000000000000001, 28.999999999999996, 15.0, 67.0, 59.0, 8.0, 53.0, 7.000000000000001, 3.0, 60.0, 13.0, 21.0, 79.0, 56.00000000000001, 3.2, 38.0, 51.0, 5.0, 45.0, 23.0, 32.0, 5.75, 67.0, 13.0, 65.0, 50.0, 21.0, 5.0, 85.0, 48.0, 22.0, 17.0, 61.0, 18.0, 33.0, 15.0, 20.0, 7.000000000000001, 23.0, 7.000000000000001, 15.0, 25.0, 18.0, 23.0, 24.0, 22.0, 26.0, 21.0, 19.0, 34.0, 3.0, 36.0, 33.0], "Female": [90.0, 5.0, 5.0, 6.31, 50.0, 50.0, 52038.0, 38.0, 60.0, 40.0, 8.1, 52.0, 47.0, 53.0, 25.0, 17.0, 56.99999999999999, 4.97, 5.0, 6.0, 3.0, 12.0, 7.000000000000001, 1.0, 4.0, 13.0, 17.0, 3.0, 8.0, 47.0, 72.0, 28.000000000000004, 30.0, 31.0, 34.0, 66.0, 11.0, 8.0, 7.000000000000001, 47.0, 17.0, 30.0, 26.0, 74.0, 50.0, 9.59, 48.0, 41.0, 5.0, 35.0, 12.0, 84.0, 74.0, 6.0, 53.0, 5.0, 2.0, 63.0, 9.0, 23.0, 77.0, 53.0, 3.73, 41.0, 50.0, 5.0, 39.0, 25.0, 36.0, 5.74, 67.0, 11.0, 65.0, 50.0, 17.0, 6.0, 83.0, 44.0, 21.0, 18.0, 60.0, 21.0, 35.0, 13.0, 20.0, 7.000000000000001, 21.0, 6.0, 18.0, 30.0, 18.0, 25.0, 25.0, 22.0, 28.999999999999996, 22.0, 19.0, 35.0, 3.0, 39.0, 31.0], "Male": [83.0, 7.000000000000001, 11.0, 6.35, 60.0, 40.0, 44647.0, 56.00000000000001, 63.0, 37.0, 8.8, 75.0, 24.0, 76.0, 39.0, 16.0, 45.0, 5.46, 4.0, 9.0, 4.0, 9.0, 8.0, 2.0, 4.0, 12.0, 16.0, 4.0, 6.0, 43.0, 73.0, 27.0, 28.000000000000004, 30.0, 32.0, 68.0, 11.0, 8.0, 8.0, 51.0, 16.0, 26.0, 28.000000000000004, 72.0, 52.0, 6.54, 44.0, 36.0, 9.0, 23.0, 19.0, 50.0, 44.0, 10.0, 52.0, 8.0, 3.0, 56.99999999999999, 18.0, 19.0, 81.0, 60.0, 2.75, 34.0, 51.0, 6.0, 51.0, 21.0, 27.0, 5.79, 67.0, 14.000000000000002, 65.0, 50.0, 24.0, 5.0, 86.0, 52.0, 23.0, 16.0, 61.0, 15.0, 32.0, 17.0, 20.0, 8.0, 26.0, 7.000000000000001, 12.0, 19.0, 18.0, 21.0, 24.0, 21.0, 22.0, 20.0, 19.0, 32.0, 3.0, 33.0, 35.0]}, "Latin America & Caribbean": {"Combined": [95.0, 2.0, 3.0, 6.01, 51.0, 49.0, 69487.0, 38.0, 77.0, 23.0, 7.84, 57.99999999999999, 43.0, 56.99999999999999, 21.0, 14.000000000000002, 65.0, 5.53, 4.0, 10.0, 4.0, 18.0, 8.0, 1.0, 4.0, 9.0, 14.000000000000002, 1.0, 6.0, 49.0, 54.0, 46.0, 26.0, 27.0, 51.0, 49.0, 13.0, 7.000000000000001, 12.0, 40.0, 22.0, 32.0, 30.0, 70.0, 34.0, 10.63, 60.0, 31.0, 5.0, 38.0, 18.0, 78.0, 53.0, 4.0, 53.0, 5.0, 1.0, 40.0, 11.0, 15.0, 85.0, 41.0, 4.46, 53.0, 38.0, 4.0, 23.0, 27.0, 50.0, 5.91, 55.00000000000001, 7.000000000000001, 45.0, 45.0, 14.000000000000002, 13.0, 67.0, 38.0, 38.0, 18.0, 43.0, 22.0, 56.99999999999999, 25.0, 15.0, 5.0, 11.0, 3.0, 16.0, 46.0, 20.0, 28.999999999999996, 23.0, 50.0, 37.0, 26.0, 20.0, 55.00000000000001, 3.0, 39.0, 43.0], "Female": [96.0, 2.0, 3.0, 5.83, 46.0, 54.0, 39299.0, 33.0, 76.0, 24.0, 7.44, 53.0, 49.0, 51.0, 17.0, 14.000000000000002, 69.0, 5.53, 4.0, 9.0, 4.0, 20.0, 7.000000000000001, 2.0, 4.0, 8.0, 14.000000000000002, 1.0, 6.0, 52.0, 53.0, 47.0, 28.000000000000004, 28.000000000000004, 55.00000000000001, 45.0, 12.0, 7.000000000000001, 10.0, 36.0, 24.0, 36.0, 30.0, 70.0, 32.0, 12.12, 62.0, 30.0, 5.0, 41.0, 17.0, 88.0, 63.0, 3.0, 53.0, 3.0, 1.0, 40.0, 8.0, 18.0, 82.0, 35.0, 5.12, 57.99999999999999, 34.0, 4.0, 24.0, 25.0, 51.0, 6.09, 54.0, 5.0, 41.0, 43.0, 11.0, 15.0, 63.0, 32.0, 41.0, 17.0, 42.0, 24.0, 59.0, 24.0, 15.0, 4.0, 8.0, 3.0, 18.0, 51.0, 21.0, 33.0, 23.0, 53.0, 40.0, 26.0, 19.0, 56.99999999999999, 3.0, 42.0, 41.0], "Male": [94.0, 2.0, 4.0, 6.2, 57.99999999999999, 42.0, 30188.0, 44.0, 78.0, 22.0, 8.31, 67.0, 33.0, 67.0, 26.0, 14.000000000000002, 60.0, 5.52, 4.0, 12.0, 4.0, 15.0, 10.0, 1.0, 4.0, 11.0, 13.0, 1.0, 6.0, 46.0, 56.00000000000001, 44.0, 23.0, 25.0, 46.0, 54.0, 14.000000000000002, 6.0, 13.0, 45.0, 19.0, 27.0, 31.0, 69.0, 39.0, 8.07, 56.99999999999999, 32.0, 5.0, 33.0, 20.0, 63.0, 40.0, 5.0, 54.0, 7.000000000000001, 2.0, 38.0, 15.0, 11.0, 89.0, 48.0, 3.41, 45.0, 44.0, 6.0, 22.0, 28.999999999999996, 49.0, 5.65, 56.00000000000001, 9.0, 50.0, 48.0, 18.0, 9.0, 72.0, 47.0, 35.0, 19.0, 45.0, 20.0, 53.0, 26.0, 15.0, 5.0, 14.000000000000002, 4.0, 12.0, 39.0, 18.0, 23.0, 23.0, 45.0, 33.0, 26.0, 20.0, 53.0, 2.0, 35.0, 46.0]}, "Middle East & North Africa": {"Combined": [79.0, 7.000000000000001, 14.000000000000002, 4.66, 44.0, 56.00000000000001, 38648.0, 28.000000000000004, 63.0, 37.0, 8.43, 44.0, 44.0, 56.00000000000001, 65.0, 8.0, 27.0, 6.49, 4.0, 8.0, 5.0, 5.0, 8.0, 2.0, 3.0, 12.0, 17.0, 7.000000000000001, 3.0, 34.0, 35.0, 65.0, 31.0, 34.0, 46.0, 54.0, 15.0, 8.0, 8.0, 42.0, 24.0, 28.000000000000004, 28.999999999999996, 71.0, 33.0, 7.92, 57.99999999999999, 25.0, 9.0, 9.0, 15.0, 44.0, 35.0, 3.0, 28.999999999999996, 11.0, 3.0, 39.0, 13.0, 16.0, 84.0, 26.0, 4.13, 50.0, 33.0, 9.0, 72.0, 12.0, 16.0, 6.8, 53.0, 4.0, 38.0, 41.0, 13.0, 9.0, 80.0, 22.0, 44.0, 13.0, 44.0, 14.000000000000002, 26.0, 24.0, 21.0, 7.000000000000001, 22.0, 9.0, 13.0, 32.0, 22.0, 15.0, 26.0, 27.0, 24.0, 13.0, 18.0, 34.0, 3.0, 36.0, 31.0],